sensor_id;sensor_type;location;lat;lon;timestamp;temperature;humidity
25556;DHT22;13447;57.174;-2.112;2019-06-16T00:01:53;13.00;98.90
25556;DHT22;13447;57.174;-2.112;2019-06-16T00:04:23;13.00;99.00
25556;DHT22;13447;57.174;-2.112;2019-06-16T00:06:53;13.00;99.70
25556;DHT22;13447;57.174;-2.112;2019-06-16T00:09:24;13.00;99.90
25556;DHT22;13447;57.174;-2.112;2019-06-16T00:11:53;12.90;99.90
25556;DHT22;13447;57.174;-2.112;2019-06-16T00:14:23;12.90;98.80
25556;DHT22;13447;57.174;-2.112;2019-06-16T00:16:53;12.90;98.70
25556;DHT22;13447;57.174;-2.112;2019-06-16T00:19:24;12.80;98.50
25556;DHT22;13447;57.174;-2.112;2019-06-16T00:21:53;12.80;99.30
25556;DHT22;13447;57.174;-2.112;2019-06-16T00:24:23;12.80;99.90
25556;DHT22;13447;57.174;-2.112;2019-06-16T00:26:53;12.70;99.90
25556;DHT22;13447;57.174;-2.112;2019-06-16T00:29:23;12.70;99.90
25556;DHT22;13447;57.174;-2.112;2019-06-16T00:31:53;12.70;99.90
25556;DHT22;13447;57.174;-2.112;2019-06-16T00:34:24;12.60;99.90
25556;DHT22;13447;57.174;-2.112;2019-06-16T00:36:53;12.50;99.90
25556;DHT22;13447;57.174;-2.112;2019-06-16T00:39:23;12.40;99.90
25556;DHT22;13447;57.174;-2.112;2019-06-16T00:41:52;12.30;99.90
25556;DHT22;13447;57.174;-2.112;2019-06-16T00:44:23;12.30;99.70
25556;DHT22;13447;57.174;-2.112;2019-06-16T00:46:53;12.40;99.60
25556;DHT22;13447;57.174;-2.112;2019-06-16T00:49:23;12.40;99.90
25556;DHT22;13447;57.174;-2.112;2019-06-16T00:51:53;12.30;99.30
25556;DHT22;13447;57.174;-2.112;2019-06-16T00:54:23;12.30;99.80
25556;DHT22;13447;57.174;-2.112;2019-06-16T00:56:53;12.30;99.30
25556;DHT22;13447;57.174;-2.112;2019-06-16T00:59:23;12.20;99.00
25556;DHT22;13447;57.174;-2.112;2019-06-16T01:01:53;12.20;98.90
25556;DHT22;13447;57.174;-2.112;2019-06-16T01:04:23;12.20;99.00
25556;DHT22;13447;57.174;-2.112;2019-06-16T01:06:53;12.20;99.10
25556;DHT22;13447;57.174;-2.112;2019-06-16T01:09:23;12.20;98.10
25556;DHT22;13447;57.174;-2.112;2019-06-16T01:11:53;12.10;98.50
25556;DHT22;13447;57.174;-2.112;2019-06-16T01:14:23;12.20;99.40
25556;DHT22;13447;57.174;-2.112;2019-06-16T01:16:53;12.10;98.80
25556;DHT22;13447;57.174;-2.112;2019-06-16T01:19:22;12.00;98.70
25556;DHT22;13447;57.174;-2.112;2019-06-16T01:21:53;12.00;98.30
25556;DHT22;13447;57.174;-2.112;2019-06-16T01:24:23;12.00;98.10
25556;DHT22;13447;57.174;-2.112;2019-06-16T01:26:53;11.90;98.10
25556;DHT22;13447;57.174;-2.112;2019-06-16T01:29:23;11.90;98.20
25556;DHT22;13447;57.174;-2.112;2019-06-16T01:31:52;11.90;98.10
25556;DHT22;13447;57.174;-2.112;2019-06-16T01:34:23;11.90;98.70
25556;DHT22;13447;57.174;-2.112;2019-06-16T01:36:53;11.90;99.40
25556;DHT22;13447;57.174;-2.112;2019-06-16T01:39:24;11.90;98.80
25556;DHT22;13447;57.174;-2.112;2019-06-16T01:41:53;11.90;98.60
25556;DHT22;13447;57.174;-2.112;2019-06-16T01:44:23;11.90;99.90
25556;DHT22;13447;57.174;-2.112;2019-06-16T01:46:54;11.80;98.70
25556;DHT22;13447;57.174;-2.112;2019-06-16T01:49:24;11.80;98.60
25556;DHT22;13447;57.174;-2.112;2019-06-16T01:51:53;11.90;98.30
25556;DHT22;13447;57.174;-2.112;2019-06-16T01:54:23;11.90;99.20
25556;DHT22;13447;57.174;-2.112;2019-06-16T01:59:35;11.80;99.90
25556;DHT22;13447;57.174;-2.112;2019-06-16T02:02:04;11.80;98.20
25556;DHT22;13447;57.174;-2.112;2019-06-16T02:04:33;11.70;97.70
25556;DHT22;13447;57.174;-2.112;2019-06-16T02:07:03;11.70;98.00
25556;DHT22;13447;57.174;-2.112;2019-06-16T02:09:33;11.70;97.50
25556;DHT22;13447;57.174;-2.112;2019-06-16T02:12:03;11.70;98.20
25556;DHT22;13447;57.174;-2.112;2019-06-16T02:14:33;11.70;97.70
25556;DHT22;13447;57.174;-2.112;2019-06-16T02:17:03;11.70;97.90
25556;DHT22;13447;57.174;-2.112;2019-06-16T02:19:33;11.60;97.90
25556;DHT22;13447;57.174;-2.112;2019-06-16T02:22:03;11.50;98.20
25556;DHT22;13447;57.174;-2.112;2019-06-16T02:24:34;11.50;98.30
25556;DHT22;13447;57.174;-2.112;2019-06-16T02:27:03;11.50;98.10
25556;DHT22;13447;57.174;-2.112;2019-06-16T02:29:33;11.40;98.70
25556;DHT22;13447;57.174;-2.112;2019-06-16T02:32:03;11.40;98.70
25556;DHT22;13447;57.174;-2.112;2019-06-16T02:34:34;11.40;98.80
25556;DHT22;13447;57.174;-2.112;2019-06-16T02:37:05;11.40;98.60
25556;DHT22;13447;57.174;-2.112;2019-06-16T02:39:35;11.30;99.80
25556;DHT22;13447;57.174;-2.112;2019-06-16T02:42:04;11.30;99.90
25556;DHT22;13447;57.174;-2.112;2019-06-16T02:44:34;11.20;99.80
25556;DHT22;13447;57.174;-2.112;2019-06-16T02:47:05;11.20;99.60
25556;DHT22;13447;57.174;-2.112;2019-06-16T02:49:34;11.20;99.10
25556;DHT22;13447;57.174;-2.112;2019-06-16T02:52:04;11.20;98.60
25556;DHT22;13447;57.174;-2.112;2019-06-16T02:54:35;11.20;98.80
25556;DHT22;13447;57.174;-2.112;2019-06-16T02:57:07;11.10;98.90
25556;DHT22;13447;57.174;-2.112;2019-06-16T02:59:46;11.10;98.50
25556;DHT22;13447;57.174;-2.112;2019-06-16T03:02:27;11.20;99.00
25556;DHT22;13447;57.174;-2.112;2019-06-16T03:05:05;11.10;98.70
25556;DHT22;13447;57.174;-2.112;2019-06-16T03:07:36;11.10;98.60
25556;DHT22;13447;57.174;-2.112;2019-06-16T03:10:07;11.10;98.60
25556;DHT22;13447;57.174;-2.112;2019-06-16T03:12:38;11.10;98.60
25556;DHT22;13447;57.174;-2.112;2019-06-16T03:15:07;11.20;98.70
25556;DHT22;13447;57.174;-2.112;2019-06-16T03:17:37;11.10;98.70
25556;DHT22;13447;57.174;-2.112;2019-06-16T03:20:07;11.10;98.90
25556;DHT22;13447;57.174;-2.112;2019-06-16T03:22:38;11.20;98.80
25556;DHT22;13447;57.174;-2.112;2019-06-16T03:25:08;11.10;99.80
25556;DHT22;13447;57.174;-2.112;2019-06-16T03:27:37;11.00;99.90
25556;DHT22;13447;57.174;-2.112;2019-06-16T03:30:07;11.00;99.90
25556;DHT22;13447;57.174;-2.112;2019-06-16T03:32:38;11.00;99.90
25556;DHT22;13447;57.174;-2.112;2019-06-16T03:35:11;11.00;99.80
25556;DHT22;13447;57.174;-2.112;2019-06-16T03:37:41;10.90;99.90
25556;DHT22;13447;57.174;-2.112;2019-06-16T03:40:11;10.80;99.90
25556;DHT22;13447;57.174;-2.112;2019-06-16T03:42:40;10.60;99.90
25556;DHT22;13447;57.174;-2.112;2019-06-16T03:45:09;10.50;99.90
25556;DHT22;13447;57.174;-2.112;2019-06-16T03:47:38;10.60;99.90
25556;DHT22;13447;57.174;-2.112;2019-06-16T03:50:10;10.60;99.90
25556;DHT22;13447;57.174;-2.112;2019-06-16T03:52:39;10.50;99.90
25556;DHT22;13447;57.174;-2.112;2019-06-16T03:55:09;10.40;99.90
25556;DHT22;13447;57.174;-2.112;2019-06-16T03:57:38;10.40;99.90
25556;DHT22;13447;57.174;-2.112;2019-06-16T04:00:08;10.30;99.90
25556;DHT22;13447;57.174;-2.112;2019-06-16T04:02:38;10.30;99.90
25556;DHT22;13447;57.174;-2.112;2019-06-16T04:07:48;10.10;99.90
25556;DHT22;13447;57.174;-2.112;2019-06-16T04:10:18;10.10;99.90
25556;DHT22;13447;57.174;-2.112;2019-06-16T04:12:47;10.10;99.90
25556;DHT22;13447;57.174;-2.112;2019-06-16T04:15:18;10.10;99.90
25556;DHT22;13447;57.174;-2.112;2019-06-16T04:17:47;10.10;99.90
25556;DHT22;13447;57.174;-2.112;2019-06-16T04:20:17;10.20;99.90
25556;DHT22;13447;57.174;-2.112;2019-06-16T04:22:46;10.10;99.90
25556;DHT22;13447;57.174;-2.112;2019-06-16T04:25:16;10.10;99.90
25556;DHT22;13447;57.174;-2.112;2019-06-16T04:27:47;10.10;99.90
25556;DHT22;13447;57.174;-2.112;2019-06-16T04:30:29;10.10;99.90
25556;DHT22;13447;57.174;-2.112;2019-06-16T04:32:57;10.10;99.90
25556;DHT22;13447;57.174;-2.112;2019-06-16T04:35:27;10.20;99.90
25556;DHT22;13447;57.174;-2.112;2019-06-16T04:37:56;10.20;99.90
25556;DHT22;13447;57.174;-2.112;2019-06-16T04:40:26;10.30;99.90
25556;DHT22;13447;57.174;-2.112;2019-06-16T04:42:57;10.30;99.90
25556;DHT22;13447;57.174;-2.112;2019-06-16T04:45:26;10.40;99.90
25556;DHT22;13447;57.174;-2.112;2019-06-16T04:47:56;10.40;99.90
25556;DHT22;13447;57.174;-2.112;2019-06-16T04:50:28;10.60;99.90
25556;DHT22;13447;57.174;-2.112;2019-06-16T04:52:57;10.70;99.90
25556;DHT22;13447;57.174;-2.112;2019-06-16T04:55:27;10.90;99.90
25556;DHT22;13447;57.174;-2.112;2019-06-16T04:57:56;11.10;99.90
25556;DHT22;13447;57.174;-2.112;2019-06-16T05:00:27;11.30;99.90
25556;DHT22;13447;57.174;-2.112;2019-06-16T05:02:56;11.40;99.30
25556;DHT22;13447;57.174;-2.112;2019-06-16T05:05:26;11.50;99.40
25556;DHT22;13447;57.174;-2.112;2019-06-16T05:07:56;11.50;99.00
25556;DHT22;13447;57.174;-2.112;2019-06-16T05:10:26;11.50;99.00
25556;DHT22;13447;57.174;-2.112;2019-06-16T05:12:57;11.50;99.00
25556;DHT22;13447;57.174;-2.112;2019-06-16T05:15:26;11.60;98.60
25556;DHT22;13447;57.174;-2.112;2019-06-16T05:17:56;11.70;98.30
25556;DHT22;13447;57.174;-2.112;2019-06-16T05:20:26;11.70;98.60
25556;DHT22;13447;57.174;-2.112;2019-06-16T05:22:56;11.70;98.20
25556;DHT22;13447;57.174;-2.112;2019-06-16T05:25:26;11.70;98.20
25556;DHT22;13447;57.174;-2.112;2019-06-16T05:27:57;11.70;98.30
25556;DHT22;13447;57.174;-2.112;2019-06-16T05:30:26;11.70;98.20
25556;DHT22;13447;57.174;-2.112;2019-06-16T05:32:56;11.70;98.40
25556;DHT22;13447;57.174;-2.112;2019-06-16T05:35:26;11.70;97.80
25556;DHT22;13447;57.174;-2.112;2019-06-16T05:37:56;11.70;97.80
25556;DHT22;13447;57.174;-2.112;2019-06-16T05:40:27;11.60;97.70
25556;DHT22;13447;57.174;-2.112;2019-06-16T05:42:58;11.60;98.10
25556;DHT22;13447;57.174;-2.112;2019-06-16T05:45:27;11.50;97.90
25556;DHT22;13447;57.174;-2.112;2019-06-16T05:47:57;11.50;98.00
25556;DHT22;13447;57.174;-2.112;2019-06-16T05:50:26;11.50;97.90
25556;DHT22;13447;57.174;-2.112;2019-06-16T05:52:56;11.50;97.90
25556;DHT22;13447;57.174;-2.112;2019-06-16T05:55:26;11.50;98.50
25556;DHT22;13447;57.174;-2.112;2019-06-16T05:57:56;11.50;98.20
25556;DHT22;13447;57.174;-2.112;2019-06-16T06:00:26;11.60;97.90
25556;DHT22;13447;57.174;-2.112;2019-06-16T06:02:56;11.70;98.00
25556;DHT22;13447;57.174;-2.112;2019-06-16T06:05:26;11.80;98.10
25556;DHT22;13447;57.174;-2.112;2019-06-16T06:07:57;11.90;97.50
25556;DHT22;13447;57.174;-2.112;2019-06-16T06:10:27;12.10;97.40
25556;DHT22;13447;57.174;-2.112;2019-06-16T06:12:59;12.30;97.40
25556;DHT22;13447;57.174;-2.112;2019-06-16T06:15:27;12.50;96.20
25556;DHT22;13447;57.174;-2.112;2019-06-16T06:17:56;12.70;99.00
25556;DHT22;13447;57.174;-2.112;2019-06-16T06:20:26;12.70;95.50
25556;DHT22;13447;57.174;-2.112;2019-06-16T06:22:56;12.90;95.00
25556;DHT22;13447;57.174;-2.112;2019-06-16T06:25:33;13.00;94.40
25556;DHT22;13447;57.174;-2.112;2019-06-16T06:28:02;13.10;94.40
25556;DHT22;13447;57.174;-2.112;2019-06-16T06:30:31;13.10;93.50
25556;DHT22;13447;57.174;-2.112;2019-06-16T06:33:00;13.10;93.60
25556;DHT22;13447;57.174;-2.112;2019-06-16T06:35:29;13.20;93.10
25556;DHT22;13447;57.174;-2.112;2019-06-16T06:37:58;13.10;93.20
25556;DHT22;13447;57.174;-2.112;2019-06-16T06:40:29;13.30;93.50
25556;DHT22;13447;57.174;-2.112;2019-06-16T06:43:01;13.40;93.50
25556;DHT22;13447;57.174;-2.112;2019-06-16T06:45:30;13.60;92.80
25556;DHT22;13447;57.174;-2.112;2019-06-16T06:48:00;13.70;93.00
25556;DHT22;13447;57.174;-2.112;2019-06-16T06:50:29;13.80;92.80
25556;DHT22;13447;57.174;-2.112;2019-06-16T06:52:58;13.90;92.40
25556;DHT22;13447;57.174;-2.112;2019-06-16T06:55:26;14.00;91.90
25556;DHT22;13447;57.174;-2.112;2019-06-16T06:57:57;14.00;91.40
25556;DHT22;13447;57.174;-2.112;2019-06-16T07:03:03;13.80;91.30
25556;DHT22;13447;57.174;-2.112;2019-06-16T07:05:34;13.90;91.50
25556;DHT22;13447;57.174;-2.112;2019-06-16T07:08:05;14.10;91.20
25556;DHT22;13447;57.174;-2.112;2019-06-16T07:10:35;14.10;91.10
25556;DHT22;13447;57.174;-2.112;2019-06-16T07:13:06;14.20;90.50
25556;DHT22;13447;57.174;-2.112;2019-06-16T07:15:37;14.30;90.30
25556;DHT22;13447;57.174;-2.112;2019-06-16T07:18:07;14.40;90.30
25556;DHT22;13447;57.174;-2.112;2019-06-16T07:20:37;14.60;90.50
25556;DHT22;13447;57.174;-2.112;2019-06-16T07:23:06;14.50;88.00
25556;DHT22;13447;57.174;-2.112;2019-06-16T07:25:57;14.40;88.50
25556;DHT22;13447;57.174;-2.112;2019-06-16T07:28:27;14.50;87.20
25556;DHT22;13447;57.174;-2.112;2019-06-16T07:30:57;14.50;87.80
25556;DHT22;13447;57.174;-2.112;2019-06-16T07:33:26;14.50;87.50
25556;DHT22;13447;57.174;-2.112;2019-06-16T07:35:57;14.50;87.70
25556;DHT22;13447;57.174;-2.112;2019-06-16T07:38:27;14.60;88.30
25556;DHT22;13447;57.174;-2.112;2019-06-16T07:40:57;14.80;88.80
25556;DHT22;13447;57.174;-2.112;2019-06-16T07:43:28;14.70;85.80
25556;DHT22;13447;57.174;-2.112;2019-06-16T07:45:57;14.90;84.40
25556;DHT22;13447;57.174;-2.112;2019-06-16T07:48:28;14.80;83.70
25556;DHT22;13447;57.174;-2.112;2019-06-16T07:50:57;14.90;84.60
25556;DHT22;13447;57.174;-2.112;2019-06-16T07:53:26;14.90;83.80
25556;DHT22;13447;57.174;-2.112;2019-06-16T07:55:58;15.10;82.20
25556;DHT22;13447;57.174;-2.112;2019-06-16T07:58:29;15.10;82.60
25556;DHT22;13447;57.174;-2.112;2019-06-16T08:00:59;15.10;82.60
25556;DHT22;13447;57.174;-2.112;2019-06-16T08:03:28;15.10;81.60
25556;DHT22;13447;57.174;-2.112;2019-06-16T08:05:59;15.10;82.40
25556;DHT22;13447;57.174;-2.112;2019-06-16T08:08:28;15.10;82.90
25556;DHT22;13447;57.174;-2.112;2019-06-16T08:10:57;15.30;83.40
25556;DHT22;13447;57.174;-2.112;2019-06-16T08:13:26;15.10;81.00
25556;DHT22;13447;57.174;-2.112;2019-06-16T08:15:57;15.20;80.40
25556;DHT22;13447;57.174;-2.112;2019-06-16T08:18:28;15.40;81.30
25556;DHT22;13447;57.174;-2.112;2019-06-16T08:20:59;15.50;78.20
25556;DHT22;13447;57.174;-2.112;2019-06-16T08:23:30;15.60;78.40
25556;DHT22;13447;57.174;-2.112;2019-06-16T08:25:59;15.50;80.60
25556;DHT22;13447;57.174;-2.112;2019-06-16T08:28:29;15.40;79.20
25556;DHT22;13447;57.174;-2.112;2019-06-16T08:30:58;15.30;79.60
25556;DHT22;13447;57.174;-2.112;2019-06-16T08:33:27;15.50;78.90
25556;DHT22;13447;57.174;-2.112;2019-06-16T08:35:57;15.60;78.80
25556;DHT22;13447;57.174;-2.112;2019-06-16T08:38:27;15.90;76.60
25556;DHT22;13447;57.174;-2.112;2019-06-16T08:40:56;15.90;74.80
25556;DHT22;13447;57.174;-2.112;2019-06-16T08:43:26;16.00;72.90
25556;DHT22;13447;57.174;-2.112;2019-06-16T08:45:57;16.10;73.40
25556;DHT22;13447;57.174;-2.112;2019-06-16T08:48:27;16.10;71.90
25556;DHT22;13447;57.174;-2.112;2019-06-16T08:50:57;16.10;72.10
25556;DHT22;13447;57.174;-2.112;2019-06-16T08:53:27;16.40;72.40
25556;DHT22;13447;57.174;-2.112;2019-06-16T08:55:57;16.60;73.20
25556;DHT22;13447;57.174;-2.112;2019-06-16T08:58:28;16.80;70.20
25556;DHT22;13447;57.174;-2.112;2019-06-16T09:00:57;16.50;71.60
25556;DHT22;13447;57.174;-2.112;2019-06-16T09:03:27;16.50;71.40
25556;DHT22;13447;57.174;-2.112;2019-06-16T09:05:57;16.70;69.70
25556;DHT22;13447;57.174;-2.112;2019-06-16T09:08:27;16.70;69.70
25556;DHT22;13447;57.174;-2.112;2019-06-16T09:10:57;16.70;69.20
25556;DHT22;13447;57.174;-2.112;2019-06-16T09:13:28;16.70;69.70
25556;DHT22;13447;57.174;-2.112;2019-06-16T09:15:57;17.00;69.40
25556;DHT22;13447;57.174;-2.112;2019-06-16T09:18:28;17.10;70.20
25556;DHT22;13447;57.174;-2.112;2019-06-16T09:20:57;17.00;68.70
25556;DHT22;13447;57.174;-2.112;2019-06-16T09:23:27;17.10;68.20
25556;DHT22;13447;57.174;-2.112;2019-06-16T09:26:00;17.00;68.40
25556;DHT22;13447;57.174;-2.112;2019-06-16T09:28:30;17.50;86.30
25556;DHT22;13447;57.174;-2.112;2019-06-16T09:30:59;17.50;84.60
25556;DHT22;13447;57.174;-2.112;2019-06-16T09:33:28;17.20;73.20
25556;DHT22;13447;57.174;-2.112;2019-06-16T09:35:57;17.30;74.80
25556;DHT22;13447;57.174;-2.112;2019-06-16T09:38:27;17.50;73.10
25556;DHT22;13447;57.174;-2.112;2019-06-16T09:40:57;17.50;73.80
25556;DHT22;13447;57.174;-2.112;2019-06-16T09:43:27;17.70;73.70
25556;DHT22;13447;57.174;-2.112;2019-06-16T09:45:57;17.50;74.40
25556;DHT22;13447;57.174;-2.112;2019-06-16T09:48:26;17.10;74.70
25556;DHT22;13447;57.174;-2.112;2019-06-16T09:50:57;17.20;76.00
25556;DHT22;13447;57.174;-2.112;2019-06-16T09:53:27;17.50;74.60
25556;DHT22;13447;57.174;-2.112;2019-06-16T09:55:57;17.60;74.40
25556;DHT22;13447;57.174;-2.112;2019-06-16T09:58:28;17.20;74.50
25556;DHT22;13447;57.174;-2.112;2019-06-16T10:00:57;17.00;75.80
25556;DHT22;13447;57.174;-2.112;2019-06-16T10:03:27;16.60;79.10
25556;DHT22;13447;57.174;-2.112;2019-06-16T10:05:56;16.40;79.00
25556;DHT22;13447;57.174;-2.112;2019-06-16T10:08:26;16.50;80.80
25556;DHT22;13447;57.174;-2.112;2019-06-16T10:10:57;17.20;78.70
25556;DHT22;13447;57.174;-2.112;2019-06-16T10:13:27;17.50;76.60
25556;DHT22;13447;57.174;-2.112;2019-06-16T10:15:56;17.50;76.30
25556;DHT22;13447;57.174;-2.112;2019-06-16T10:18:27;17.60;76.10
25556;DHT22;13447;57.174;-2.112;2019-06-16T10:20:57;17.90;75.10
25556;DHT22;13447;57.174;-2.112;2019-06-16T10:23:27;17.90;73.30
25556;DHT22;13447;57.174;-2.112;2019-06-16T10:25:57;17.20;75.00
25556;DHT22;13447;57.174;-2.112;2019-06-16T10:28:27;17.10;75.30
25556;DHT22;13447;57.174;-2.112;2019-06-16T10:30:56;17.10;75.30
25556;DHT22;13447;57.174;-2.112;2019-06-16T10:33:26;16.60;77.40
25556;DHT22;13447;57.174;-2.112;2019-06-16T10:35:56;16.70;77.50
25556;DHT22;13447;57.174;-2.112;2019-06-16T10:38:27;16.90;77.50
25556;DHT22;13447;57.174;-2.112;2019-06-16T10:40:56;16.30;78.30
25556;DHT22;13447;57.174;-2.112;2019-06-16T10:43:28;16.10;79.90
25556;DHT22;13447;57.174;-2.112;2019-06-16T10:45:57;15.90;80.10
25556;DHT22;13447;57.174;-2.112;2019-06-16T10:48:27;15.60;81.20
25556;DHT22;13447;57.174;-2.112;2019-06-16T10:50:56;15.40;83.00
25556;DHT22;13447;57.174;-2.112;2019-06-16T10:53:26;15.30;83.10
25556;DHT22;13447;57.174;-2.112;2019-06-16T10:55:56;15.10;83.50
25556;DHT22;13447;57.174;-2.112;2019-06-16T10:58:26;15.30;83.30
25556;DHT22;13447;57.174;-2.112;2019-06-16T11:00:57;15.60;82.40
25556;DHT22;13447;57.174;-2.112;2019-06-16T11:03:26;15.60;82.40
25556;DHT22;13447;57.174;-2.112;2019-06-16T11:05:56;15.40;81.70
25556;DHT22;13447;57.174;-2.112;2019-06-16T11:08:26;15.50;82.60
25556;DHT22;13447;57.174;-2.112;2019-06-16T11:10:56;15.80;82.00
25556;DHT22;13447;57.174;-2.112;2019-06-16T11:13:26;16.20;81.10
25556;DHT22;13447;57.174;-2.112;2019-06-16T11:15:57;16.20;80.00
25556;DHT22;13447;57.174;-2.112;2019-06-16T11:20:56;16.40;78.10
25556;DHT22;13447;57.174;-2.112;2019-06-16T11:23:26;16.10;78.60
25556;DHT22;13447;57.174;-2.112;2019-06-16T11:25:56;15.70;80.30
25556;DHT22;13447;57.174;-2.112;2019-06-16T11:28:26;15.40;81.40
25556;DHT22;13447;57.174;-2.112;2019-06-16T11:30:57;15.10;83.00
25556;DHT22;13447;57.174;-2.112;2019-06-16T11:33:27;15.00;85.00
25556;DHT22;13447;57.174;-2.112;2019-06-16T11:35:57;14.90;84.90
25556;DHT22;13447;57.174;-2.112;2019-06-16T11:38:28;14.80;85.30
25556;DHT22;13447;57.174;-2.112;2019-06-16T11:40:58;14.60;85.70
25556;DHT22;13447;57.174;-2.112;2019-06-16T11:43:27;14.50;88.10
25556;DHT22;13447;57.174;-2.112;2019-06-16T11:45:58;14.40;88.70
25556;DHT22;13447;57.174;-2.112;2019-06-16T11:48:27;14.40;90.00
25556;DHT22;13447;57.174;-2.112;2019-06-16T11:50:57;14.40;90.50
25556;DHT22;13447;57.174;-2.112;2019-06-16T11:53:26;14.50;90.70
25556;DHT22;13447;57.174;-2.112;2019-06-16T11:55:56;14.40;83.80
25556;DHT22;13447;57.174;-2.112;2019-06-16T11:58:25;14.40;86.00
25556;DHT22;13447;57.174;-2.112;2019-06-16T12:00:56;14.30;86.50
25556;DHT22;13447;57.174;-2.112;2019-06-16T12:03:26;14.50;85.70
25556;DHT22;13447;57.174;-2.112;2019-06-16T12:05:57;14.50;84.00
25556;DHT22;13447;57.174;-2.112;2019-06-16T12:08:27;14.40;81.70
25556;DHT22;13447;57.174;-2.112;2019-06-16T12:10:57;14.40;81.60
25556;DHT22;13447;57.174;-2.112;2019-06-16T12:13:27;14.50;81.00
25556;DHT22;13447;57.174;-2.112;2019-06-16T12:15:56;14.40;80.50
25556;DHT22;13447;57.174;-2.112;2019-06-16T12:18:26;14.40;80.80
25556;DHT22;13447;57.174;-2.112;2019-06-16T12:20:57;14.30;81.30
25556;DHT22;13447;57.174;-2.112;2019-06-16T12:23:26;14.20;81.90
25556;DHT22;13447;57.174;-2.112;2019-06-16T12:25:58;14.20;82.20
25556;DHT22;13447;57.174;-2.112;2019-06-16T12:28:27;14.30;82.20
25556;DHT22;13447;57.174;-2.112;2019-06-16T12:30:56;14.50;82.80
25556;DHT22;13447;57.174;-2.112;2019-06-16T12:33:25;14.70;81.90
25556;DHT22;13447;57.174;-2.112;2019-06-16T12:35:56;14.90;80.20
25556;DHT22;13447;57.174;-2.112;2019-06-16T12:38:27;15.00;79.10
25556;DHT22;13447;57.174;-2.112;2019-06-16T12:40:57;15.10;81.30
25556;DHT22;13447;57.174;-2.112;2019-06-16T12:43:27;15.10;83.20
25556;DHT22;13447;57.174;-2.112;2019-06-16T12:45:56;14.90;81.50
25556;DHT22;13447;57.174;-2.112;2019-06-16T12:48:27;15.20;82.30
25556;DHT22;13447;57.174;-2.112;2019-06-16T12:50:57;15.30;81.70
25556;DHT22;13447;57.174;-2.112;2019-06-16T12:53:27;15.30;82.60
25556;DHT22;13447;57.174;-2.112;2019-06-16T12:55:56;15.50;82.30
25556;DHT22;13447;57.174;-2.112;2019-06-16T12:58:26;15.60;81.60
25556;DHT22;13447;57.174;-2.112;2019-06-16T13:00:56;15.60;80.80
25556;DHT22;13447;57.174;-2.112;2019-06-16T13:03:26;15.70;81.50
25556;DHT22;13447;57.174;-2.112;2019-06-16T13:05:56;15.90;81.50
25556;DHT22;13447;57.174;-2.112;2019-06-16T13:08:27;15.90;80.20
25556;DHT22;13447;57.174;-2.112;2019-06-16T13:10:57;15.80;81.80
25556;DHT22;13447;57.174;-2.112;2019-06-16T13:13:27;16.00;81.80
25556;DHT22;13447;57.174;-2.112;2019-06-16T13:15:57;15.90;80.70
25556;DHT22;13447;57.174;-2.112;2019-06-16T13:18:26;15.90;82.10
25556;DHT22;13447;57.174;-2.112;2019-06-16T13:20:57;16.20;81.90
25556;DHT22;13447;57.174;-2.112;2019-06-16T13:23:27;16.30;80.20
25556;DHT22;13447;57.174;-2.112;2019-06-16T13:25:56;16.50;78.80
25556;DHT22;13447;57.174;-2.112;2019-06-16T13:28:27;16.20;79.60
25556;DHT22;13447;57.174;-2.112;2019-06-16T13:30:57;15.90;79.80
25556;DHT22;13447;57.174;-2.112;2019-06-16T13:33:27;15.70;79.50
25556;DHT22;13447;57.174;-2.112;2019-06-16T13:35:56;15.80;79.70
25556;DHT22;13447;57.174;-2.112;2019-06-16T13:38:27;15.90;77.30
25556;DHT22;13447;57.174;-2.112;2019-06-16T13:40:56;16.00;79.00
25556;DHT22;13447;57.174;-2.112;2019-06-16T13:43:25;16.30;77.90
25556;DHT22;13447;57.174;-2.112;2019-06-16T13:45:54;16.80;75.30
25556;DHT22;13447;57.174;-2.112;2019-06-16T13:48:23;16.60;73.00
25556;DHT22;13447;57.174;-2.112;2019-06-16T13:50:52;16.90;74.40
25556;DHT22;13447;57.174;-2.112;2019-06-16T13:53:21;16.60;74.60
25556;DHT22;13447;57.174;-2.112;2019-06-16T13:55:49;16.80;75.70
25556;DHT22;13447;57.174;-2.112;2019-06-16T13:58:18;16.70;72.90
25556;DHT22;13447;57.174;-2.112;2019-06-16T14:00:47;16.90;74.10
25556;DHT22;13447;57.174;-2.112;2019-06-16T14:03:18;17.30;72.80
25556;DHT22;13447;57.174;-2.112;2019-06-16T14:05:48;17.40;71.40
25556;DHT22;13447;57.174;-2.112;2019-06-16T14:08:17;17.90;71.60
25556;DHT22;13447;57.174;-2.112;2019-06-16T14:10:46;18.20;70.50
25556;DHT22;13447;57.174;-2.112;2019-06-16T14:13:17;18.20;68.40
25556;DHT22;13447;57.174;-2.112;2019-06-16T14:15:46;18.30;65.40
25556;DHT22;13447;57.174;-2.112;2019-06-16T14:18:15;17.70;66.10
25556;DHT22;13447;57.174;-2.112;2019-06-16T14:20:44;17.20;70.70
25556;DHT22;13447;57.174;-2.112;2019-06-16T14:23:13;17.40;71.60
25556;DHT22;13447;57.174;-2.112;2019-06-16T14:25:42;17.70;70.70
25556;DHT22;13447;57.174;-2.112;2019-06-16T14:28:11;17.30;72.00
25556;DHT22;13447;57.174;-2.112;2019-06-16T14:30:40;17.10;69.40
25556;DHT22;13447;57.174;-2.112;2019-06-16T14:33:17;16.20;72.60
25556;DHT22;13447;57.174;-2.112;2019-06-16T14:35:46;16.20;74.80
25556;DHT22;13447;57.174;-2.112;2019-06-16T14:38:16;16.00;75.20
25556;DHT22;13447;57.174;-2.112;2019-06-16T14:40:45;15.70;78.60
25556;DHT22;13447;57.174;-2.112;2019-06-16T14:43:16;15.80;79.40
25556;DHT22;13447;57.174;-2.112;2019-06-16T14:45:47;15.70;79.50
25556;DHT22;13447;57.174;-2.112;2019-06-16T14:48:17;15.70;79.00
25556;DHT22;13447;57.174;-2.112;2019-06-16T14:50:46;15.70;80.10
25556;DHT22;13447;57.174;-2.112;2019-06-16T14:53:17;15.80;79.00
25556;DHT22;13447;57.174;-2.112;2019-06-16T14:55:46;16.10;76.90
25556;DHT22;13447;57.174;-2.112;2019-06-16T14:58:16;16.20;72.70
25556;DHT22;13447;57.174;-2.112;2019-06-16T15:00:47;16.20;71.60
25556;DHT22;13447;57.174;-2.112;2019-06-16T15:03:17;16.30;70.10
25556;DHT22;13447;57.174;-2.112;2019-06-16T15:05:46;16.00;72.00
25556;DHT22;13447;57.174;-2.112;2019-06-16T15:08:17;16.10;71.20
25556;DHT22;13447;57.174;-2.112;2019-06-16T15:10:46;16.00;72.30
25556;DHT22;13447;57.174;-2.112;2019-06-16T15:13:16;16.20;72.00
25556;DHT22;13447;57.174;-2.112;2019-06-16T15:15:45;16.10;72.00
25556;DHT22;13447;57.174;-2.112;2019-06-16T15:18:16;15.90;73.30
25556;DHT22;13447;57.174;-2.112;2019-06-16T15:20:46;16.10;73.60
25556;DHT22;13447;57.174;-2.112;2019-06-16T15:23:15;16.10;74.70
25556;DHT22;13447;57.174;-2.112;2019-06-16T15:25:46;16.10;76.30
25556;DHT22;13447;57.174;-2.112;2019-06-16T15:28:17;15.90;76.40
25556;DHT22;13447;57.174;-2.112;2019-06-16T15:30:46;15.80;79.10
25556;DHT22;13447;57.174;-2.112;2019-06-16T15:33:16;15.80;79.10
25556;DHT22;13447;57.174;-2.112;2019-06-16T15:35:46;15.70;80.00
25556;DHT22;13447;57.174;-2.112;2019-06-16T15:38:16;15.70;79.50
25556;DHT22;13447;57.174;-2.112;2019-06-16T15:40:47;15.60;78.80
25556;DHT22;13447;57.174;-2.112;2019-06-16T15:43:16;15.60;78.40
25556;DHT22;13447;57.174;-2.112;2019-06-16T15:45:46;15.50;79.00
25556;DHT22;13447;57.174;-2.112;2019-06-16T15:48:18;15.50;76.10
25556;DHT22;13447;57.174;-2.112;2019-06-16T15:50:47;15.50;77.70
25556;DHT22;13447;57.174;-2.112;2019-06-16T15:53:17;15.40;76.70
25556;DHT22;13447;57.174;-2.112;2019-06-16T15:55:46;15.30;78.20
25556;DHT22;13447;57.174;-2.112;2019-06-16T15:58:17;15.20;79.00
25556;DHT22;13447;57.174;-2.112;2019-06-16T16:00:50;15.10;80.10
25556;DHT22;13447;57.174;-2.112;2019-06-16T16:03:19;15.20;79.50
25556;DHT22;13447;57.174;-2.112;2019-06-16T16:05:48;15.20;80.20
25556;DHT22;13447;57.174;-2.112;2019-06-16T16:08:19;15.30;80.40
25556;DHT22;13447;57.174;-2.112;2019-06-16T16:10:50;15.40;79.50
25556;DHT22;13447;57.174;-2.112;2019-06-16T16:13:19;15.60;78.80
25556;DHT22;13447;57.174;-2.112;2019-06-16T16:15:48;15.90;75.90
25556;DHT22;13447;57.174;-2.112;2019-06-16T16:18:17;15.90;75.00
25556;DHT22;13447;57.174;-2.112;2019-06-16T16:20:47;16.10;72.90
25556;DHT22;13447;57.174;-2.112;2019-06-16T16:23:18;16.50;73.20
25556;DHT22;13447;57.174;-2.112;2019-06-16T16:25:50;16.50;70.60
25556;DHT22;13447;57.174;-2.112;2019-06-16T16:28:19;16.40;71.30
25556;DHT22;13447;57.174;-2.112;2019-06-16T16:30:48;16.50;70.50
25556;DHT22;13447;57.174;-2.112;2019-06-16T16:33:17;16.10;71.70
25556;DHT22;13447;57.174;-2.112;2019-06-16T16:35:48;16.00;72.20
25556;DHT22;13447;57.174;-2.112;2019-06-16T16:38:17;16.00;71.90
25556;DHT22;13447;57.174;-2.112;2019-06-16T16:40:47;16.20;70.00
25556;DHT22;13447;57.174;-2.112;2019-06-16T16:43:16;16.40;70.50
25556;DHT22;13447;57.174;-2.112;2019-06-16T16:45:57;16.20;71.10
25556;DHT22;13447;57.174;-2.112;2019-06-16T16:48:27;15.90;73.10
25556;DHT22;13447;57.174;-2.112;2019-06-16T16:50:57;15.60;75.70
25556;DHT22;13447;57.174;-2.112;2019-06-16T16:53:27;15.40;75.90
25556;DHT22;13447;57.174;-2.112;2019-06-16T16:55:57;15.40;77.70
25556;DHT22;13447;57.174;-2.112;2019-06-16T16:58:26;15.60;77.40
25556;DHT22;13447;57.174;-2.112;2019-06-16T17:00:57;16.00;75.20
25556;DHT22;13447;57.174;-2.112;2019-06-16T17:03:27;16.10;76.00
25556;DHT22;13447;57.174;-2.112;2019-06-16T17:05:57;16.10;77.00
25556;DHT22;13447;57.174;-2.112;2019-06-16T17:08:27;16.10;77.00
25556;DHT22;13447;57.174;-2.112;2019-06-16T17:10:57;16.20;77.60
25556;DHT22;13447;57.174;-2.112;2019-06-16T17:13:27;16.40;77.10
25556;DHT22;13447;57.174;-2.112;2019-06-16T17:15:57;16.70;75.80
25556;DHT22;13447;57.174;-2.112;2019-06-16T17:18:27;17.10;75.10
25556;DHT22;13447;57.174;-2.112;2019-06-16T17:21:16;17.50;73.80
25556;DHT22;13447;57.174;-2.112;2019-06-16T17:23:47;17.50;73.70
25556;DHT22;13447;57.174;-2.112;2019-06-16T17:26:17;18.20;72.70
25556;DHT22;13447;57.174;-2.112;2019-06-16T17:28:48;18.10;70.70
25556;DHT22;13447;57.174;-2.112;2019-06-16T17:31:18;18.10;71.30
25556;DHT22;13447;57.174;-2.112;2019-06-16T17:33:47;18.10;71.70
25556;DHT22;13447;57.174;-2.112;2019-06-16T17:36:16;18.50;71.90
25556;DHT22;13447;57.174;-2.112;2019-06-16T17:38:47;18.70;69.20
25556;DHT22;13447;57.174;-2.112;2019-06-16T17:41:17;18.80;69.10
25556;DHT22;13447;57.174;-2.112;2019-06-16T17:43:46;18.40;69.70
25556;DHT22;13447;57.174;-2.112;2019-06-16T17:46:16;18.40;70.70
25556;DHT22;13447;57.174;-2.112;2019-06-16T17:48:45;18.40;72.30
25556;DHT22;13447;57.174;-2.112;2019-06-16T17:51:15;18.00;71.90
25556;DHT22;13447;57.174;-2.112;2019-06-16T17:53:46;18.20;72.00
25556;DHT22;13447;57.174;-2.112;2019-06-16T17:56:17;17.80;73.10
25556;DHT22;13447;57.174;-2.112;2019-06-16T17:58:50;17.70;74.70
25556;DHT22;13447;57.174;-2.112;2019-06-16T18:01:19;17.60;75.20
25556;DHT22;13447;57.174;-2.112;2019-06-16T18:03:53;17.50;76.30
25556;DHT22;13447;57.174;-2.112;2019-06-16T18:06:21;17.20;76.10
25556;DHT22;13447;57.174;-2.112;2019-06-16T18:08:52;16.50;79.50
25556;DHT22;13447;57.174;-2.112;2019-06-16T18:11:21;16.60;80.60
25556;DHT22;13447;57.174;-2.112;2019-06-16T18:13:50;16.40;80.80
25556;DHT22;13447;57.174;-2.112;2019-06-16T18:16:19;16.00;82.00
25556;DHT22;13447;57.174;-2.112;2019-06-16T18:18:48;15.80;84.40
25556;DHT22;13447;57.174;-2.112;2019-06-16T18:21:17;15.80;84.40
25556;DHT22;13447;57.174;-2.112;2019-06-16T18:23:46;15.80;84.50
25556;DHT22;13447;57.174;-2.112;2019-06-16T18:26:16;15.60;85.40
25556;DHT22;13447;57.174;-2.112;2019-06-16T18:28:46;15.60;85.90
25556;DHT22;13447;57.174;-2.112;2019-06-16T18:31:16;15.70;85.50
25556;DHT22;13447;57.174;-2.112;2019-06-16T18:33:46;15.40;86.30
25556;DHT22;13447;57.174;-2.112;2019-06-16T18:36:16;15.20;86.90
25556;DHT22;13447;57.174;-2.112;2019-06-16T18:38:47;15.00;87.70
25556;DHT22;13447;57.174;-2.112;2019-06-16T18:41:17;14.80;87.70
25556;DHT22;13447;57.174;-2.112;2019-06-16T18:43:47;14.80;88.30
25556;DHT22;13447;57.174;-2.112;2019-06-16T18:46:16;15.00;87.40
25556;DHT22;13447;57.174;-2.112;2019-06-16T18:48:47;14.90;87.00
25556;DHT22;13447;57.174;-2.112;2019-06-16T18:54:06;14.90;86.70
25556;DHT22;13447;57.174;-2.112;2019-06-16T18:56:37;14.80;86.50
25556;DHT22;13447;57.174;-2.112;2019-06-16T18:59:07;14.80;86.30
25556;DHT22;13447;57.174;-2.112;2019-06-16T19:01:37;14.90;86.60
25556;DHT22;13447;57.174;-2.112;2019-06-16T19:04:06;14.90;86.40
25556;DHT22;13447;57.174;-2.112;2019-06-16T19:06:35;14.90;85.50
25556;DHT22;13447;57.174;-2.112;2019-06-16T19:09:07;14.90;84.10
25556;DHT22;13447;57.174;-2.112;2019-06-16T19:11:37;14.80;83.50
25556;DHT22;13447;57.174;-2.112;2019-06-16T19:14:08;14.80;84.30
25556;DHT22;13447;57.174;-2.112;2019-06-16T19:16:37;14.70;84.40
25556;DHT22;13447;57.174;-2.112;2019-06-16T19:19:07;14.80;84.90
25556;DHT22;13447;57.174;-2.112;2019-06-16T19:21:37;14.60;85.90
25556;DHT22;13447;57.174;-2.112;2019-06-16T19:24:08;14.50;87.40
25556;DHT22;13447;57.174;-2.112;2019-06-16T19:26:39;14.50;87.00
25556;DHT22;13447;57.174;-2.112;2019-06-16T19:29:18;14.50;88.10
25556;DHT22;13447;57.174;-2.112;2019-06-16T19:31:48;14.50;88.10
25556;DHT22;13447;57.174;-2.112;2019-06-16T19:34:17;14.50;88.60
25556;DHT22;13447;57.174;-2.112;2019-06-16T19:36:46;14.30;89.10
25556;DHT22;13447;57.174;-2.112;2019-06-16T19:39:17;14.20;90.10
25556;DHT22;13447;57.174;-2.112;2019-06-16T19:41:46;14.20;90.70
25556;DHT22;13447;57.174;-2.112;2019-06-16T19:44:17;14.20;91.20
25556;DHT22;13447;57.174;-2.112;2019-06-16T19:46:46;14.20;91.80
25556;DHT22;13447;57.174;-2.112;2019-06-16T19:49:17;14.20;91.70
25556;DHT22;13447;57.174;-2.112;2019-06-16T19:51:46;14.00;92.30
25556;DHT22;13447;57.174;-2.112;2019-06-16T19:54:17;13.80;93.40
25556;DHT22;13447;57.174;-2.112;2019-06-16T19:56:46;13.60;94.10
25556;DHT22;13447;57.174;-2.112;2019-06-16T19:59:17;13.60;94.50
25556;DHT22;13447;57.174;-2.112;2019-06-16T20:01:47;13.60;94.70
25556;DHT22;13447;57.174;-2.112;2019-06-16T20:04:17;13.50;94.70
25556;DHT22;13447;57.174;-2.112;2019-06-16T20:06:47;13.50;95.10
25556;DHT22;13447;57.174;-2.112;2019-06-16T20:09:17;13.30;95.30
25556;DHT22;13447;57.174;-2.112;2019-06-16T20:11:47;13.40;95.50
25556;DHT22;13447;57.174;-2.112;2019-06-16T20:14:16;13.40;95.50
25556;DHT22;13447;57.174;-2.112;2019-06-16T20:16:47;13.40;95.40
25556;DHT22;13447;57.174;-2.112;2019-06-16T20:19:18;13.40;95.50
25556;DHT22;13447;57.174;-2.112;2019-06-16T20:21:50;13.30;95.60
25556;DHT22;13447;57.174;-2.112;2019-06-16T20:24:21;13.40;95.60
25556;DHT22;13447;57.174;-2.112;2019-06-16T20:26:50;13.30;95.90
25556;DHT22;13447;57.174;-2.112;2019-06-16T20:29:19;13.30;95.90
25556;DHT22;13447;57.174;-2.112;2019-06-16T20:31:49;13.40;96.10
25556;DHT22;13447;57.174;-2.112;2019-06-16T20:34:18;13.40;95.80
25556;DHT22;13447;57.174;-2.112;2019-06-16T20:36:47;13.40;96.10
25556;DHT22;13447;57.174;-2.112;2019-06-16T20:39:17;13.40;96.00
25556;DHT22;13447;57.174;-2.112;2019-06-16T20:41:47;13.30;96.50
25556;DHT22;13447;57.174;-2.112;2019-06-16T20:44:17;13.30;96.30
25556;DHT22;13447;57.174;-2.112;2019-06-16T20:46:47;13.20;96.50
25556;DHT22;13447;57.174;-2.112;2019-06-16T20:49:17;13.30;95.90
25556;DHT22;13447;57.174;-2.112;2019-06-16T20:51:47;13.30;96.00
25556;DHT22;13447;57.174;-2.112;2019-06-16T20:54:16;13.30;95.90
25556;DHT22;13447;57.174;-2.112;2019-06-16T20:56:46;13.40;95.40
25556;DHT22;13447;57.174;-2.112;2019-06-16T20:59:18;13.40;95.30
25556;DHT22;13447;57.174;-2.112;2019-06-16T21:01:47;13.50;95.40
25556;DHT22;13447;57.174;-2.112;2019-06-16T21:04:17;13.50;95.20
25556;DHT22;13447;57.174;-2.112;2019-06-16T21:06:47;13.40;95.20
25556;DHT22;13447;57.174;-2.112;2019-06-16T21:09:18;13.40;95.40
25556;DHT22;13447;57.174;-2.112;2019-06-16T21:11:48;13.40;95.20
25556;DHT22;13447;57.174;-2.112;2019-06-16T21:14:18;13.40;95.00
25556;DHT22;13447;57.174;-2.112;2019-06-16T21:16:47;13.50;94.80
25556;DHT22;13447;57.174;-2.112;2019-06-16T21:19:17;13.40;94.60
25556;DHT22;13447;57.174;-2.112;2019-06-16T21:21:47;13.50;94.50
25556;DHT22;13447;57.174;-2.112;2019-06-16T21:24:17;13.40;94.20
25556;DHT22;13447;57.174;-2.112;2019-06-16T21:26:48;13.40;94.50
25556;DHT22;13447;57.174;-2.112;2019-06-16T21:29:18;13.40;94.60
25556;DHT22;13447;57.174;-2.112;2019-06-16T21:31:51;13.40;94.40
25556;DHT22;13447;57.174;-2.112;2019-06-16T21:34:20;13.40;94.80
25556;DHT22;13447;57.174;-2.112;2019-06-16T21:36:53;13.30;95.00
25556;DHT22;13447;57.174;-2.112;2019-06-16T21:39:28;13.20;95.50
25556;DHT22;13447;57.174;-2.112;2019-06-16T21:41:59;13.10;96.20
25556;DHT22;13447;57.174;-2.112;2019-06-16T21:44:28;13.10;96.50
25556;DHT22;13447;57.174;-2.112;2019-06-16T21:46:59;13.10;96.70
25556;DHT22;13447;57.174;-2.112;2019-06-16T21:49:30;13.00;96.70
25556;DHT22;13447;57.174;-2.112;2019-06-16T21:52:04;13.00;97.10
25556;DHT22;13447;57.174;-2.112;2019-06-16T21:54:35;13.00;97.10
25556;DHT22;13447;57.174;-2.112;2019-06-16T21:57:07;12.90;97.40
25556;DHT22;13447;57.174;-2.112;2019-06-16T21:59:37;12.80;97.80
25556;DHT22;13447;57.174;-2.112;2019-06-16T22:02:18;12.80;97.90
25556;DHT22;13447;57.174;-2.112;2019-06-16T22:04:56;12.80;97.90
25556;DHT22;13447;57.174;-2.112;2019-06-16T22:07:26;12.80;98.00
25556;DHT22;13447;57.174;-2.112;2019-06-16T22:09:59;12.80;97.80
25556;DHT22;13447;57.174;-2.112;2019-06-16T22:12:28;12.80;97.90
25556;DHT22;13447;57.174;-2.112;2019-06-16T22:14:58;12.80;98.00
25556;DHT22;13447;57.174;-2.112;2019-06-16T22:17:27;12.90;97.90
25556;DHT22;13447;57.174;-2.112;2019-06-16T22:19:56;12.90;97.60
25556;DHT22;13447;57.174;-2.112;2019-06-16T22:22:27;12.90;97.70
25556;DHT22;13447;57.174;-2.112;2019-06-16T22:24:57;13.00;97.60
25556;DHT22;13447;57.174;-2.112;2019-06-16T22:27:28;13.00;97.60
25556;DHT22;13447;57.174;-2.112;2019-06-16T22:30:00;13.00;97.60
25556;DHT22;13447;57.174;-2.112;2019-06-16T22:32:32;13.00;97.60
25556;DHT22;13447;57.174;-2.112;2019-06-16T22:35:04;13.00;97.20
25556;DHT22;13447;57.174;-2.112;2019-06-16T22:37:39;13.00;97.70
25556;DHT22;13447;57.174;-2.112;2019-06-16T22:40:08;12.80;97.90
25556;DHT22;13447;57.174;-2.112;2019-06-16T22:42:40;12.90;97.90
25556;DHT22;13447;57.174;-2.112;2019-06-16T22:45:09;12.80;98.10
25556;DHT22;13447;57.174;-2.112;2019-06-16T22:47:39;12.80;98.20
25556;DHT22;13447;57.174;-2.112;2019-06-16T22:50:10;12.70;98.00
25556;DHT22;13447;57.174;-2.112;2019-06-16T22:52:40;12.70;98.20
25556;DHT22;13447;57.174;-2.112;2019-06-16T22:55:11;12.60;98.40
25556;DHT22;13447;57.174;-2.112;2019-06-16T22:57:40;12.50;98.70
25556;DHT22;13447;57.174;-2.112;2019-06-16T23:02:45;12.50;98.70
25556;DHT22;13447;57.174;-2.112;2019-06-16T23:05:16;12.50;98.80
25556;DHT22;13447;57.174;-2.112;2019-06-16T23:07:46;12.40;99.00
25556;DHT22;13447;57.174;-2.112;2019-06-16T23:10:17;12.40;98.60
25556;DHT22;13447;57.174;-2.112;2019-06-16T23:12:49;12.50;98.50
25556;DHT22;13447;57.174;-2.112;2019-06-16T23:15:21;12.50;98.50
25556;DHT22;13447;57.174;-2.112;2019-06-16T23:17:50;12.50;98.10
25556;DHT22;13447;57.174;-2.112;2019-06-16T23:20:20;12.50;98.20
25556;DHT22;13447;57.174;-2.112;2019-06-16T23:22:51;12.50;98.50
25556;DHT22;13447;57.174;-2.112;2019-06-16T23:25:19;12.50;98.70
25556;DHT22;13447;57.174;-2.112;2019-06-16T23:27:48;12.40;98.90
25556;DHT22;13447;57.174;-2.112;2019-06-16T23:30:24;12.50;98.70
25556;DHT22;13447;57.174;-2.112;2019-06-16T23:32:55;12.40;99.10
25556;DHT22;13447;57.174;-2.112;2019-06-16T23:35:25;12.30;99.40
25556;DHT22;13447;57.174;-2.112;2019-06-16T23:37:56;12.20;99.60
25556;DHT22;13447;57.174;-2.112;2019-06-16T23:40:26;12.20;99.80
25556;DHT22;13447;57.174;-2.112;2019-06-16T23:42:56;12.20;99.80
25556;DHT22;13447;57.174;-2.112;2019-06-16T23:45:26;12.10;99.90
25556;DHT22;13447;57.174;-2.112;2019-06-16T23:47:56;12.20;99.90
25556;DHT22;13447;57.174;-2.112;2019-06-16T23:50:26;12.10;99.90
25556;DHT22;13447;57.174;-2.112;2019-06-16T23:52:57;12.10;99.90
25556;DHT22;13447;57.174;-2.112;2019-06-16T23:55:28;12.10;99.90
25556;DHT22;13447;57.174;-2.112;2019-06-16T23:57:58;12.10;99.90
